ID,TITLE,LABEL
1,"Scrap gas pipeline in eastern Med due to climate cost, says report",1
2,Centre-right thinktank warns Morrison government of 'grave future for coal exports',-1
3,2020 likely to be one of warmest years on record despite La Niña,-1
4,Labor agrees to support new gas projects after public brawl sparked by Joel Fitzgibbon,-1
5,Nationals call for ANZ boycott after bank's push for net zero emissions,-1
6,Marise Payne declines to welcome adoption of net zero emissions target by Japan and South Korea,-1
7,Global heating threatens UK wildlife’s ability to adapt and survive,-1
8,"Deluged by floods, America’s ‘oldest city' struggles to save landmarks from climate crisis",-1
9,South Korea vows to go carbon neutral by 2050 to fight climate emergency,1
10,"NSW environment minister urges end to 'pointless, backward-looking arguments' about climate action",1
11,Australian PM's office omits net zero emissions from account of Morrison's talk with Johnson,-1
12,Overwhelming majority believe Australia is already experiencing climate change,0
13,The ABC must be relevant to all – but that doesn't mean telling people what they want to hear,0
14,"ABC flagship current affair programs didn't cover climate change adequately, report finds",-1
15,Industrial emissions set to rise for another decade despite Coalition's pledge to cut carbon pollution,-1
16,BP warns of volatile future for oil market as it returns to profit,-1
17,Why Amy Coney Barrett's addition to supreme court may undermine climate fight,0
18,"Arctic methane deposits 'starting to release', scientists say",-1
19,"‘Old and unsafe’ cars sent to developing world fuelling air pollution, report finds",-1
20,A beloved Jamaican beach is succumbing to climate change. It won’t be the last,-1
21,BP leads energy companies preparing two major UK carbon capture projects,1
22,"Japan's net zero by 2050 pledge another warning to Australia on fossil fuels, analysts say",1
23,"Nine insect-eating bird species in Amazon in sharp decline, scientists find",-1
24,"Japan will become carbon neutral by 2050, PM pledges",1
25,It's your regular Arctic death-spiral update with Brenda the Civil Disobedience Penguin,0
26,Climate at a crossroads as Trump and Biden point in different directions,0
27,Feeling the heat over Arctic sea ice,-1
28,Republicans want to open pristine Alaska wilderness to logging. It's a tragedy,-1
29,Can California’s top wine region survive the era of megafire?,0
30,Arctic: Culture and Climate review – visions of a vanishing world,0
31,"Early warning: human detectors, drones and the race to control Australia’s extreme bushfires",0
32,The house that cork built: is this the ultimate eco-friendly material?,0
33,"'How do we become a serious people again?' Dave Eggers, Annie Proulx and more on the 2020 election",0
34,Mathias Cormann wants to be a chameleon on climate change when we've got a bin fire instead of a plan,0
35,Campaigners criticise global deal on carbon emissions from shipping,0
36,"After a category 5 hurricane, nature saved me. It has the power to save us all",1
37,Humanity has eight years to get climate crisis under control – and Trump's plan won't fix it,-1
38,Mathias Cormann talks up green recovery as part of his pitch to lead OECD,0
39,Alarm as Arctic sea ice not yet freezing at latest date on record,-1
40,Aggressive push to 100% renewable energy could save Americans billions – study,1
41,Australian company directors call for more infrastructure spending and a Green New Deal,0
42,Morrison government 'ignored' Climate Change Authority's advice on Covid recovery,-1
43,Greta Thunberg accuses MEPs of 'surrender on climate and environment',0
44,Climate science deniers to give road safety evidence to MPs,-1
45,Queensland 2030 climate target would be scrapped if LNP win election as state’s emissions rise,-1
46,Arctic review – stark eco warnings from the ice-braving hunters who battled whales,-1
47,10 million snowblowers? Last-ditch ideas to save the Arctic ice,0
48,75 ways Trump made America dirtier and the planet warmer,-1
49,"Climate finance driving poor countries deeper into debt, says Oxfam",-1
50,Uber pledges £5m toward electric vehicle charging points in London,1
51,Liberal MPs call for government to deny permit renewal that would allow drilling off NSW coastline,1
52,Big oil's answer to melting Arctic: cooling the ground so it can keep drilling,-1
53,Holiday Scomo or melting ice cap? Try these fun and spooky costume ideas for Halloween,0
54,"Make climate risk reports mandatory for 480 FTSE firms, say investors",1
55,"Sahel region is 'canary in the coalmine' on climate, says UN official",-1
56,"Leaded petrol, acid rain, CFCs: why the green movement can overcome the climate crisis",-1
57,Why there is hope that the world's coral reefs can be saved,1
58,Dying birds and the fires: scientists work to unravel a great mystery,0
59,Alaska's new climate threat: tsunamis linked to melting permafrost,0
60,The Bank must not fear radical action. Britain needs negative interest rates,0
61,Acting on climate change can get us out of recession. There are no excuses left,0
62,The week in audio: What Planet Are We On?; How to Save a Planet; Reading the Water – review,0
63,The tardigrade in the ice hole: how extreme life finds a way in the Arctic,1
64,Rowan Williams urges UK universities to divest from fossil fuels,1
65,"For Australia's sake, I hope Trump's climate science denialism loses",0
66,ExxonMobil misled the public about the climate crisis. Now they're trying to silence critics,-1
67,Freezing cold war: militaries move in as Arctic ice retreats – photo essay,0
68,Amy Coney Barrett: key moments from the supreme court confirmation hearings – video,0
69,Amy Coney Barrett refuses to tell Kamala Harris if she thinks climate change is happening,-1
70,'Solastalgia': Arctic inhabitants overwhelmed by new form of climate grief,1
71,Amy Coney Barrett refuses to tell Kamala Harris if she thinks climate change is happening – video,-1
72,"Rewild to mitigate the climate crisis, urge leading scientists",1
73,World Bank and IMF must spearhead a green and inclusive recovery,1
74,Electric cars are running on empty,0
75,BHP bosses defend company's decision to stay in gas and oil 'for the medium term',-1
76,The great unravelling: 'I never thought I’d live to see the horror of planetary collapse',-1
77,2067 review – Kodi Smit-McPhee is the chosen one in aspirational but cliched climate sci-fi,0
78,"Australia must prepare now for climate-related disasters or pay more later, insurance regulator says",-1
79,Temperatures of deepest ocean rising quicker than previously thought,-1
80,Trump and Biden offer starkly different visions of US role in world,0
81,Former Republican congressman says Murdoch's media outlets fuelling 'climate rejectionism',-1
82,"Great Barrier Reef corals have more than halved in past 25 years, study shows",-1
83,Canada's last intact ice shelf broke off. It took our research station with it,-1
84,"Queensland transition to renewables would generate almost 10,000 jobs, analysis shows",1
85,Put the planet before GDP growth,1
86,Surf star Adrian Buchan: 'Australia's record on fossil fuels is an international joke',-1
87,Investors lead push for Australian business to cut emissions more than government forecasts,0
88,Mark Carney says banks should link executive pay to Paris climate goals,0
89,The Arctic is in a death spiral. How much longer will it exist?,-1
90,Top asset owners commit to big carbon emissions cuts,1
91,The great thaw: global heating upends life on Arctic permafrost – photo essay,0
92,Anthony Albanese on Q+A: Labor will go to next election with interim emissions targets 'or a pathway',0
93,"The Guardian view on game shooting: the threat is to nature, not sport",-1
94,"More than 7,000 extreme weather events recorded since 2000, says UN",-1
95,Mario Molina obituary,0
96,This is my message to the western world – your civilisation is killing life on Earth,-1
97,'We've had so many wins': why the green movement can overcome climate crisis,1
98,Scott Ludlam faces court over Sydney climate change protest arrest,0
99,"Lemon juice, legumes and local activism: what green habits have you adopted in 2020?",0
100,The Guardian view on Boris Johnson's Cop26: ask if GDP growth is sustainable,0
101,Net zero emissions target for Australia could launch $63bn investment boom,1
102,Tackle fuel poverty and the climate crisis,0
103,IMF and World Bank must act fast after Covid caught policymakers napping,0
104,Greta Thunberg: ‘Only people like me dare ask tough questions on climate’,0
105,"Australia needs to find its heart, brain and courage to recover from the Covid nightmare",0
106,Campaign seeks 1bn people to save climate – one small step at a time,1
107,Weatherwatch: planners beware – rainfall that was rare is rare no longer,-1
108,Inside the climate battle quietly raging about US homes,-1
109,Britain must nurture its scientific expertise to help save the world from climate crisis,0
110,'I don't want to be seen as a zealot': what MPs really think about the climate crisis – podcast,0
111,"People, not carbon emissions, should be at the heart of the west's climate action",0
112,'Total destruction': why fires are tearing across South America,-1
113,Climate crisis: does journalism actually make a difference?,0
114,Caution and optimism over climate pledges,1
115,Singapore launches Covid-secure luxury cruises ... to nowhere,0
116,EU parliament votes for 60% greenhouse gas emissions cut by 2030,1
117,Fragile Planet: documenting the impact of the climate crisis – in pictures,0
118,Mystery disease killing Italy's kiwifruit baffles scientists,-1
119,Earthshot prize: Prince William launches £50m drive to repair planet,1
120,How will the pandemic affect the sprint away from fossil fuels?,0
121,UK 'will take 700 years' to reach low-carbon heating under current plans,-1
122,'Hijacked by anxiety': how climate dread is hindering climate action,-1
123,"Climate denial ads on Facebook seen by millions, report finds",-1
124,Mathias Cormann nominated for OECD top job despite its criticism of Coalition’s climate change policy,0
125,September breaks global and European records for hottest ever,-1
126,"Further 150m people face extreme poverty by 2022, warns World Bank",-1
127,"Intensive farming worldwide threatens Paris climate accord, report says",-1
128,"Brian Adams' best photograph: Robert, William and John in an Inuit steam house",0
129,"Carbon capture 'moonshot' moves closer, as billions of dollars pour in",1
130,"More offshore wind is welcome, but we have to keep the jobs it creates in the UK",0
131,'The chips have been placed': experts weigh in on the Australian budget 2020,0
132,Powering all UK homes via offshore wind by 2030 'will need £50bn',0
133,California wildfires spawn first ‘gigafire’ in modern history,-1
134,A nine-point plan for the UK to achieve net zero carbon emissions,0
135,New Zealand bushfire that demolished village leads to climate crisis debate,-1
136,California fires set bleak record as 4m acres destroyed,-1
137,What China's plan for net-zero emissions by 2060 means for the climate,0
138,Amazon near tipping point of switching from rainforest to savannah – study,-1
139,"3,000 articles, 100m readers: a year of our best environment journalism",0
140,The Guardian’s climate pledge - an update for our readers,0
141,Our world is facing irreversible destruction – and still there's no urgency in Australian climate policy,-1
142,How the Guardian plans to reach net zero emissions by 2030,1
143,Global heating: the vital statistics from a warming world,-1
144,The Guardian's climate promise: we will keep raising the alarm,1
145,State subsidies for company cars top €32bn in UK and EU,-1
146,The Guardian view on houseplants: balm for troubled times,1
147,Activists try to stop autobahn being built through German forest,1
148,Mountain butterflies 'will have to be relocated as habitats get too hot',-1
149,"Trouble breathing: 'We all breathe the same air, but we don't breathe equally'",-1
150,First new deep coalmine in UK for 30 years gets go ahead,-1
151,Saving the airlines could cost the Earth,-1
152,Americans are becoming climate migrants before our eyes,-1
153,Cambridge is right to join the flight from fossil fuels. But divestment is just a start,-1
154,"A second Trump term would be 'game over' for the climate, says top scientist",-1
155,Covid-19 and the climate crisis are part of the same battle,-1
156,UK held private talks with fossil fuel firms about Glasgow Cop26,-1
157,Cambridge University to divest from fossil fuels by 2030,1
158,Global heating warming up 'nights faster than days',-1
159,What does the first climate question at a US debate in 20 years reveal?,0
160,Anti-capitalist guidance for schools is ludicrous,0
161,How the humble hedgerow can help us breathe,1
162,"Greenland's ice melting faster than at any time in past 12,000 years",-1
163,M&S cuts soya from production of milk to curb deforestation,-1
164,"Shell to cut up to 9,000 jobs as Covid-19 accelerates green drive",-1
165,America's year of fire and tempests means climate crisis just got very real,-1
166,Johnson's pledges on the environment are worthless. Worse is how cynical they are,-1
167,40% of world’s plant species at risk of extinction,-1
168,Butterflywatch: the long-tailed blue – visitor or native species?,0
169,Global poll of views on environment and science finds sharpest divide in US,-1
170,Planetary ‘safety net’ could halt wildlife loss and slow climate breakdown,-1
171,Climate emergency drives noctule bat northwards,-1
172,How our warmer oceans are contributing to climate breakdown,0
173,World leaders pledge to halt Earth’s destruction ahead of UN summit,1
174,China's carbon pledge will require complete inversion of existing system,1
175,Why David Attenborough is the doomsayer we still adore,1
176,UK risks losing contract for new climate research centre because of Brexit,-1
177,California braces for dangerous heat as wildfire battle continues,-1
178,Weatherwatch: did Marco set the scene for Hurricane Sally?,0
179,Labor's Joel Fitzgibbon threatens to quit shadow cabinet over emissions target,0
180,Will Labor drop climate policy before the next election? – Australian politics live podcast,0
181,Are electric cars on a road to nowhere?,0
182,Young people resume global climate strikes calling for urgent action,1
183,David Attenborough: A Life on Our Planet review – stark climate emergency warning,1
184,Trump administration advances plan to cut protections for largest national forest,-1
185,Schemes boosting cycling and walking accelerate across the UK,1
186,Kentucky’s climate is suffering. Can the state slip the industry ties that prevent change?,-1
187,Time to get serious about food waste in fight against global heating,0
188,Tesco's Dave Lewis calls on companies and countries to tackle food waste,1
189,"What is carbon capture, usage and storage – and can it trap emissions?",0
190,Scientists take temperatures of butterflies to uncover climate threat,1
191,"China's surprise climate pledge leaves Australia 'naked in the wind', analysts say",-1
192,California governor orders ban on sale of gas-only cars within 15 years,-1
193,"Climate crisis must not be overshadowed by Covid, Johnson to tell UN",1
194,Leaving forests to regrow naturally 'could be better option than replanting',1
195,"Melting Antarctic ice will raise sea level by 2.5 metres – even if Paris climate goals are met, study finds",-1
196,Few countries living up to Covid 'green recovery' pledges – analysis,0
197,‘They’re suffering now’: Americans scramble to adapt to daily reality of climate crisis,-1
198,Guardian/Vice poll finds most US 2020 voters strongly favor climate action,1
199,New all-time coldest northern hemisphere temperature discovered,-1
200,The Coalition's tech roadmap is a strategy based on an old and discredited argument,0
201,Internal displacements reach 15m in 2020 with worst 'still to come' – report,-1
202,China pledges to become carbon neutral before 2060,0
203,"By 2020 standards, Angus Taylor's low-emissions technology statement is not really a climate policy",0
204,Labor commits to 'environmentally sustainable' gas development,1
205,EU's farm animals 'produce more emissions than cars and vans combined',-1
206,A third of my country was just underwater. The world must act on climate,-1
207,Facebook suspends environmental groups despite vow to fight misinformation,-1
208,'Bonkers': Turnbull criticises Angus Taylor's $18bn bet on emissions technology,0
209,Ron Howard: 'I'm introverted and risk-averse. But not when there's a story to be told',0
210,"Morrison's rejection of 2050 net zero emissions target is at odds with Paris agreement, experts say",-1
211,Rising temperatures shrink Arctic sea ice to second-lowest level on record,-1
212,Israel fish deaths linked to rapid warming of seas,-1
213,Prince Charles calls for 'Marshall-like plan' to combat climate crisis,1
214,Airbus reveals plans for zero-emission aircraft fuelled by hydrogen,1
215,UK plan to use all-male team to host UN climate summit angers observers,0
216,Five ways to make the climate movement less white,0
217,I'm 18 and can already see my Alaska community changed forever by climate change,-1
218,Meet the doomers: why some young US voters have given up hope on climate,-1
219,"I lived the climate crisis every day of my childhood. This November, I'll vote on it",-1
220,Generation Z drivers push for schools to teach with eco-conscious cars,1
221,'Our house is burning': student climate protesters urge their universities to go carbon neutral,-1
222,Climate takeover: meet the first-time voters guest editing the Guardian US,0
223,Children urged to strike against lack of action on climate emergency,0
224,UK plans to bring forward ban on fossil fuel vehicles to 2030,1
225,"World's richest 1% cause double CO2 emissions of poorest 50%, says Oxfam",-1
226,The climate crisis will sweep away my country if the world doesn't keep its promises,-1
227,"Make rewilding the focus, not rebuilding",0
228,Ministers accused of blocking plans to ban burning of UK peatlands,-1
229,The Observer view on Boris Johnson's environmentalism,0
230,Labor rift as Joel Fitzgibbon defies party on medium-term target for cutting emissions,0
231,Scott Morrison refuses to commit to net zero emissions target by 2050,0
232,Medicane Ianos turns towards Crete after sweeping across Greece,-1
233,The tipping points at the heart of the climate crisis,-1
234,America is at war with deadly wildfires. Yet Trump is on the side of the inferno,-1
235,"Climate change, Covid – our hearts ache. But a new era is possible. We can do it",0
236,'Too late to stop it': California's future hinges on managing megafires,-1
237,Morrison says you're either for gas or against it. Of course it's not as simple as that,-1
238,Participatory politics and the point of parliament,0
239,Climate campaigners condemn 'joy flights' for travellers who miss flying,0
240,English vineyards introduce new grapes due to global heating,0
241,Why some US cities are plotting a ‘green recovery’ after the pandemic,1
242,Toyota reveals plan to turn trucks into emissions-free 'power plants',1
243,"Dear America, we too have seen red skies in Australia and we can tell you what happens next",-1
244,BlackRock votes against 49 companies for lack of climate crisis progress,1
245,Shoots and leaves: the shotgun scientist who hunts moving trees,0
246,The Guardian view on politics and the environment: we demand better,0
247,"Climate crisis 233m years ago reshaped life on Earth, say scientists",-1
248,How Australia's meat industry could be part of the climate solution,0
249,The megafires and pandemic expose the lies that frustrate action on climate change,-1
250,Scott Morrison’s ‘gas-led recovery’: what is it and will it really make energy cheaper?,0
251,Venus is a warning to all of us on Earth,0
252,I Am Greta review – slick yet shallow Thunberg documentary,0
253,The climate crisis is a national security threat to the US. We already see the effects,-1
254,Birds 'falling out of the sky' in mass die-off in south-western US,-1
255,"Australia can hit net zero emissions by 2050 by investing in gas, oil executive says",0
256,'Why wait for it?' How to predict a pandemic,0
257,Welsh seagrass meadow sows hope for global restoration,1
258,Most plastic will never be recycled – and the manufacturers couldn’t care less,-1
259,World fails to meet a single target to stop destruction of nature – UN report,-1
260,"Drought, plague, fire: the apocalypse feels nigh. Yet we have tools to stop it",-1
261,Young climate activists start own climate talks after Cop26 delay,1
262,'I don't think science knows': Trump denies climate change link to wildfires – video ,-1
263,'People thought I was too young to protest': the rise of student activism,-1
264,Facebook and Google announce plans to become carbon neutral,1
265,Scott Morrison's power plan is nothing but a gas-fuelled calamity,-1
266,New Zealand minister calls for finance sector to disclose climate crisis risks in world first,1
267,Conservatives once championed the sacredness of every human life – until Covid,-1
268,Biden condemns Trump as 'climate arsonist' as wildfires burn – as it happened,-1
269,EU commission accused of 'cheating' on net-zero emissions accounting,-1
270,Northern hemisphere breaks record for hottest ever summer,-1
271,The facts of extinction and the need to act,-1
272,Investors that manage US$47tn demand world’s biggest polluters back plan for net-zero emissions,0
273,Is San Francisco's nightmarish echo of Sydney's summer now a template for fire seasons to come?,-1
274,Death toll rises as fires choke US west coast and Trump response is lambasted,-1
275,"UK must become global leader in tackling climate crisis, says CBI",0
276,"Global oil demand may have passed peak, says BP energy report",0
277,Covid-19 drives leaders to make unprecedented interventions but what next?,0
278,"Never mind Extinction Rebellion, let's consider Boris Johnson's charge sheet",0
279,Trump doesn't care if wildfires destroy the west – it didn't vote for him,-1
280,Letters: Extinction Rebellion is a force for good,1
281,Fry and Rylance defend Extinction Rebellion against UK’s ‘organised crime group’ classification,0
282,California governor: 'We are in the midst of a climate emergency' – video,-1
283,Wildfires are striking closer and closer to cities. We know how this will end,-1
284,'Unprecedented': the US west's wildfire catastrophe explained,0
285,"As fires burn the west, top Democrats stay quiet on the climate crisis",-1
286,Most wildfire coverage on American TV news fails to mention link to climate crisis,-1
287,Weatherwatch: meadow pipits find respite on the shady side of the hill,1
288,"The Guardian view on acclimatising democracy: deliberation, not confusion",0
289,The future has arrived. These explosive fires are our climate change wakeup call,-1
290,"Impact of Covid slowdown on CO2 in the atmosphere 'not even a blip', Australian scientist says",-1
291,"US wildfires could spark financial crisis, advisory panel finds",-1
292,Lloyd's of London expects £5bn in Covid-19 insurance payouts,-1
293,"California's dark, orange sky is the most unnerving sight I've ever woken up to",-1
294,Florida sewage spills expected to worsen due to ageing infrastructure,-1
295,UK climate assembly: tax frequent flyers and ban SUVs as part of Covid recovery,1
296,Australia's untapped gas reserves could unleash three years' worth of global emissions,0
297,Humans exploiting and destroying nature on unprecedented scale – report,-1
298,"Petrol and diesel cars could cost up to £1,500 more under proposals",0
299,How Australia's 'white gold' could power the global electric vehicle revolution,0
300,Huge cavities threaten glacier larger than Great Britain,-1
301,The city being swept out to sea: Nicky Quamina-Woo’s best photograph,0
302,"Climate crisis could displace 1.2bn people by 2050, report warns",-1
303,"Trauma, fear, homelessness: life after California's deadliest fire shows the future of climate crisis",-1
304,How artificial salt marshes can help in the fight against rising seas,1
305,Illegal devices that bypass vehicle emissions controls spread across US,-1
306,"Extinction Rebellion 'criminals' threaten UK way of life, says Priti Patel",-1
307,"Shorter lifespan of faster-growing trees will add to climate crisis, study finds",-1
308,"Weatherwatch: heatwaves become silent killer, hitting vulnerable hardest",-1
309,Africa's Great Green Wall just 4% complete halfway through schedule,-1
310,'Freeing the truth' – Extinction Rebellion activists on their week of action,1
311,"Joe Biden if president will push allies like Australia to do more on climate, adviser says",1
312,Why do politicians keep telling us they're 'listening'?,0
313,Will the Cop26 climate conference be a national embarrassment for Britain?,0
314,Campaigners start legal challenge to UK's $1bn grant to Mozambique gas project,0
315,Ben Jennings: fear of a blue planet – cartoon,0
316,Extinction Rebellion calls move to class it as organised crime group 'ridiculous',-1
317,Enough with 'local' and 'organic'. We'll begin to eat well when we farm well,0
318,More than 600 arrests made at Extinction Rebellion protests in London,-1
319,Greta Thunberg says Venice documentary shows her real self,0
320,Boris Johnson accuses Extinction Rebellion of trying to limit public access to news,-1
321,Extinction Rebellion protesters blockade Murdoch printing sites – video report,1
322,Jane Fonda: ‘I'm very rarely afraid. Maybe emotional intimacy scares me’,1
323,"Jane Fonda: ‘If Greta Thunberg can do it, so can I’",1
324,Boris Johnson defends Tony Abbott in UK trade envoy row,-1
325,Greta Thunberg: don't dump climate crisis on children to fix,-1
326,"Burning bush, melting Arctic, a deadly virus: nobody said the end times would be boring",-1
327,Unsustainable fishing worsens threats to Great Barrier Reef,-1
328,What has four years of Donald Trump meant for the climate crisis?,0
329,French PM says jobs and green economy at heart of Covid recovery plan,1
330,"Anohni on her new track R.N.C. 2020: 'It's me, screaming in the past, for the present'",0
331,Portuguese children sue 33 countries over climate change at European court,1
332,France's 'big green recovery plan' not big enough for campaigners,0
333,'Bold action is a winning message': climate advocates hail Ed Markey win,1
334,Extinction Rebellion: rights experts say peaceful protest in UK under threat,-1
335,"Wildfires rage, Covid spreads: in California, life as we knew it has disappeared",-1
336,New Zealand experiences warmest winter on record,-1
337,Changing Australian fashion's worst-kept secret could help struggling farmers,0
338,Gladys Berejiklian says reaching net zero emissions by 2050 is achievable and would be 'the stuff of dreams',1
339,'Culture of misinformation': artists protest against London thinktanks,-1
340,Climate emergency bill offers real hope,1
341,Literary figures join Extinction Rebellion campaign against thinktanks,1
342,Joe Biden's bold climate policies would leave Australia behind,1
343,BFI study calls on film industry to urgently reduce emissions,1
344,Unilever plans to remove oil-based ingredients from all cleaning products,1
345,Terrawatch: how much peat is there on Earth?,0
346,Global heating motivated American mastodons to trek north,-1
347,Police arrest dozens of Extinction Rebellion protesters in London,-1
348,Queen of the Dolomites glacier could vanish within 15 years,-1
349,Lloyd’s of London reopens building for first time since March,0
350,Trump administration rule seeks to make drilling easier in national forests,-1
351,How SUVs conquered the world – at the expense of its climate,-1
352,'Many people are still missing': Afghanistan families devastated by flash floods,-1
353,Only one in 10 utility firms prioritise renewable electricity – global study,-1
354,Satellite images show rapid growth of glacial lakes worldwide,-1
355,Arctic wildfires emit 35% more CO2 so far in 2020 than for whole of 2019,-1
356,Bushfire royal commission: ABC should be embedded in emergency centres during disasters,-1
357,GB carbon emissions from electricity hit record low in lockdown – report,-1
358,Australia’s big polluters required to offset just 1.2% of greenhouse gas emissions,-1
359,Australian Industry Group urges Coalition to spend 'at least' $3.3bn on renewable energy over coming decade,1
360,Construction and mining industry super fund puts carbon-intensive companies on notice,-1
361,Australian greenhouse gas emissions fall to lowest level since 1998 under Covid restrictions,1
362,E-scooters: time to take the brakes off,1
363,"If democracy looks doomed, Extinction Rebellion may have an answer",1
364,"Murray-Darling mismanagement: floods, water theft, and Burke and Wills’s camels",0
365,Gas companies say they are working with Covid commission and expect federal support soon,0
366,UK firm flying high as eco-friendly airship project gathers pace,1
367,"'It was a feeling of terror: when will the water stop?': Britain's flood victims, six months on",-1
368,Extinction Rebellion plans bank holiday weekend 'uprising',1
369,"Extinction Rebellion to block streets in London, Manchester and Cardiff",1
370,"Population, poverty and the climate emergency",0
371,Green teen memes: how TikTok could save the planet,0
372,UN secretary general urges India to swiftly turn away from coal,0
373,Boss vows to tackle misconduct claims at UN Green Climate Fund,1
374,"Climate crisis: business, farming and environment leaders unite to warn Australia 'woefully unprepared'",-1
375,Afghan floods and a giraffe weighs in: Thursday's best photos,-1
376,Adani fails to win court order to conduct surprise search of environmental activist's home,-1
377,From the archives: the fate of Arctic sea ice,-1
378,Sticking to UK diet advice cuts premature death and CO2 - study,1
379,"Omission of climate crisis at RNC risks losing voters, some conservatives warn",-1
380,"Australia's economic response to Covid ignores aged care, climate crisis and housing, report finds",0
381,Joint venture looks to invest billions in 'natural capital' projects to help combat climate change,1
382,"Antarctica: 60% of ice shelves at risk of fracture, research suggests",-1
383,"Unless we change course, the US agricultural system could collapse",-1
384,US cities are spending millions on trees to fight heat – but are their plans equitable?,0
385,Hong Kong's terracotta tile army marches to the rescue for coral,1
386,Population panic lets rich people off the hook for the climate crisis they are fuelling,-1
387,Methane released in gas production means Australia's emissions may be 10% higher than reported,-1
388,UK lockdown slump cut consumer carbon emissions by a quarter,1
389,"Specieswatch: violet carpenter bee – an exotic, heavyweight arrival to UK",1
390,Australia's chief scientist rejects experts' letter warning him not to back gas,0
391,"Collinsville coal power plant will never proceed as renewables are cheaper, Liberal MPs say",0
392,Legal challenge over UK's exclusion of incinerators from emissions target,0
393,How to land a job protecting the planet: do the groundwork,0
394,'The aliens to watch': how the humble earthworm is altering the Arctic,0
395,‘Next fire season is already upon us’: NSW to adopt all recommendations of bushfire inquiry report,-1
396,Weatherwatch: Danube's ice cover changes are a warning in Hungary,-1
397,Investing in jobs and climate is key,0
398,"Major investment firm dumps Exxon, Chevron and Rio Tinto stock",-1
399,"Unborn children at higher risk of respiratory infections after Morwell fire, study finds",-1
400,The Observer view on the climate catastrophe facing Earth,0
401,Earth has lost 28 trillion tonnes of ice in less than 30 years,-1
402,"Amid fire and pestilence, floods and storms, the personal is political: Trump must go",-1
403,With Covid comes the perfect opportunity to shift Australia's economy away from fossil fuel,0
404,Could the US and Caribbean be heading for their worst hurricane season?,-1
405,"Covid is 'restart button' for climate action, Royal Institution Christmas lecturers say",1
406,Labor to join Greens in opposing $3.3m grant for Collinsville coal power feasibility study,1
407,The Guardian view on the US Democrats: Biden seized his moment,0
408,"Right trousers, but the wrong consultants",0
409,Cat costumes and Trump tractors: Friday's top photos,0
410,The evolution of Extinction Rebellion – podcast,0
411,'All universities must commit to net-zero by 2030': tackling the campus climate crisis,0
412,Ocean Rebellion climate action group launches with protest against cruise ship,0
413,The climate crisis is hitting football – but the global game has time to take action,0
414,The climate crisis has already arrived. Just look to California’s abnormal wildfires,-1
415,Human consumption of the Earth's resources declined in 2020,-1
416,Helen Macdonald: 'It is hard to write about the natural world without writing about grief',-1
417,Insurance giant Suncorp to end coverage and finance for oil and gas industry,0
418,UK weather: Met Office warns of winds up to 70mph to hit coast,-1
419,Greenland's melting ice sheet – in pictures,-1
420,Democratic platform's backtracking on fossil fuels dismays climate activists,0
421,Greenland ice sheet lost a record 1m tonnes of ice per minute in 2019,-1
422,How the climate crisis is already harming America – photo essay,-1
423,Revealed: how the gas industry is waging war against climate action,-1
424,Wong and Plibersek round on Joel Fitzgibbon for suggesting Labor party could split in two,0
425,UK weather: winds of more than 70mph expected as Storm Ellen arrives,-1
426,Crown Estate grants leases for floating windfarm off Wales,1
427,The Guardian view on coronavirus and the climate crisis: seize this chance,0
428,We may have just seen the world's highest recorded temperature ever. Has that sunk in?,-1
429,Large-scale renewable energy investment in Australia falls to lowest level since 2017,-1
430,"Another two years lost to climate inaction, says Greta Thunberg",0
431,"After two years of school strikes, the world is still in a state of climate crisis denial",-1
432,Racism burns Australia like pox and plague. We're not all in this together,-1
433,How the twin disasters of climate change and Covid-19 could transform our cities,-1
434,BHP commits to selling its thermal coalmines within two years,0
435,We live in a time of climate breakdown with no moral leadership – but we can take action,0
436,Extreme weather just devastated 10m acres in the midwest. Expect more of this,-1
437,"UK facing worst wheat harvest since 1980s, says farmers' union",-1
438,Considering air con? That’s how much the UK’s climate has changed already,-1
439,The return of Extinction Rebellion,0
440,Tessa Khan: ‘Litigation is a powerful tool in the environmental crisis’,0
441,We’ve got to start thinking beyond our own lifespans if we’re going to avoid extinction,-1
442,"Here be dragonflies, thriving in Britain as never before",1
443,Land of the lizards: Victoria's East Gippsland was a refuge for threatened reptiles. The fires changed that,1
444,"Australia's environmental protection laws should mention climate change, government told",1
445,Mona Chalabi: what if everyone had an air-mile allowance? – cartoon,1
447,"UK infrastructure inadequate for climate emergency, experts warn",-1
448,The Guardian view on record-breaking weather: the heat is on,-1
449,'We're not here for doom and gloom': meet the hosts of climate change podcast How to Save a Planet,0
450,The underwater future of the Maldives – in pictures,-1
451,"Izaskun Chinchilla: ‘If we free up space in cities, we can plant trees’",0
452,Here is why we are taking the Australian government to the UN over its inaction on climate change,0
453,Trump exiting Paris accord will harm US economy – LSE research,-1
454,Scottish minister warns of climate challenge after Stonehaven crash,0
455,"Marine food webs could be radically altered by heating of oceans, scientists warn",-1
456,Australia asks UN to dismiss Torres Strait Islanders' claim climate change affects their human rights,-1
457,Trump rolls back methane climate standards for oil and gas industry,-1
458,Great Barrier Reef envoy Warren Entsch urges fellow Liberal MPs to do more on climate change,0
446,This oil spill could destroy the beautiful Mauritius I once knew,-1
459,Moderate Tories join greens to call for fossil fuel car ban by 2030,1
460,UK temperatures pass 34C for six days in row for first time since records start,-1
461,‘No purpose’ to Coalition’s climate policy after big polluters increase emissions by 1.6m tonnes,0
462,'This is a wake-up call': How will pro cycling address its own climate crisis?,0
463,Bushfire scientists call for Australia to set up national fire monitoring agency,0
464,"Australia's national Covid-19 commission, gas pipelines and a troubling lack of transparency",0
465,Last decade was Earth's hottest on record as climate crisis accelerates,-1
466,Joel Fitzgibbon blasted by Mark Butler for backing gas-led Covid recovery plan,0
467,Where can you be safe in this world? Maybe we're asking the wrong question,0
468,There are new ways to do democracy that give me hope. More voices could change everything,0
469,Powerhouses: nanotechnology turns bricks into batteries,1
470,"'As the tundra burns, we cannot afford climate silence': a letter from the Arctic",-1
471,Disease-bearing ticks thrive as climate change heats up US,-1
472,Fight for Planet A: the team behind War on Waste want to put climate crisis back on the agenda,1
473,Charlotte McConaghy: The Last Migration author on melancholy and writing during a pandemic,0
474,Kiribati's president's plans to raise islands in fight against sea-level rise,1
475,UK weather: a month's rain could fall in two hours as heatwave breaks,-1
476,False Alarm by Bjorn Lomborg; Apocalypse Never by Michael Shellenberger – review,-1
477,Is this the end for ‘king coal’ in Britain?,0
478,New FOI ruling orders disclosure of CSIRO internal documents on its response to Murray-Darling criticisms,0
479,India plans to fell ancient forest to create 40 new coalfields,-1
480,UK weather: 36.4C recorded on hottest August day for 17 years,-1
481,Canadian ice shelf area bigger than Manhattan collapses due to rising temperatures,-1
482,US hurricane experts predict 'extremely active' storm season,-1
483,Covid-19 lockdown will have 'negligible' impact on climate crisis – study,-1
484,"The Last Migration by Charlotte McConaghy review – aching, poignant and pressing debut",-1
485,Extreme droughts in central Europe likely to increase sevenfold,-1
486,"In tackling the global climate crisis, doom and optimism are both dangerous traps",-1
487,Young Australia mostly agree on their hopes and fears for the future. Are leaders ready to listen?,0
488,Kenneth Hayne says Covid shows Australian politics can be more than a 'dialogue of the deaf',0
489,What can you do to fight the climate crisis?,1
490,Julia Gillard says her government's carbon price proves climate policy isn't 'all too hard',-1
491,Throng of new penguin colonies in Antarctica spotted from space,1
492,Flooding could occur daily in Sydney by the end of this century because of climate change,-1
493,‘Can’t do it all’: Chris Bowen says ALP must narrow its focus ahead of next federal election,-1
494,BP enjoys share bounce after unveiling plans to shift away from fossil fuels,-1
495,"Letter from economists: to rebuild our world, we must end the carbon economy",0
496,The football industry needs to wake up to the climate emergency,0
497,Rising temperatures will cause more deaths than all infectious diseases – study,-1
498,England's biggest landowners not growing enough trees – report,-1
499,"James Murdoch has left News Corp, but not much will change at the company's Australian outlets",-1
500,The evolution of Extinction Rebellion,0
501,'There’s still a choice': New Zealand's melting glaciers show the human fingerprints of climate change,-1
502,Biden has shown that bold climate action is now common sense. Will UK politicians learn?,0
503,"With big rallies cancelled, young climate activists are adapting election tactics",1
504,"Ban SUV adverts to meet UK climate goals, report urges",0
505,"More coal power generation closed than opened around the world this year, research finds",1
506,Second major Korean brokerage withdraws financial backing for Adani's coal projects,1
507,Northern Ireland to be left out of new UK car emission restrictions,-1
508,The UK's hottest day so far this year – in pictures,-1
509,Chris Packham loses appeal against HS2 rail project,-1
510,"Climate crisis exerting increasing impact on UK, says Met Office",-1
511,Pollutionwatch: will carmakers follow VW and revamp vehicles?,0
512,"Extra 23 million people could face coastal flooding within 30 years, even with emission cuts, study says",-1
513,"The four types of climate denier, and why you should ignore them all",1
514,How Trump is emboldening other countries' 'bad behavior' on the climate crisis,-1
515,How Red Sea 'supercorals' are resisting the climate crisis – podcast,-1
516,"Love letter from 2029: I want you to know we did it, we turned the ship around",0
517,"Population, climate change and inequality",-1
518,Facts behind the UK’s ‘green’ recovery,0
519,It's time for America to reassert climate leadership. It starts with voting,0
520,Dutch city redraws its layout to prepare for global heating effects,1
521,Joe Biden’s climate bet: putting jobs first will bring historic change,1
522,Australia's Covid-19 response shows we can confront major crises. Threats to our planet should be next,0
523,The Guardian view on the green recovery: Britain is being left behind,-1
524,Environmental racism is killing Americans of color. Climate change will make it worse,-1
525,"Almost 3 billion animals affected by Australian bushfires, report shows",-1
526,"Wamberal beach erosion: seawall would deliver no net benefit, study finds",-1
527,Daily bread: climate crisis wreaks havoc with Christian harvest festival,-1
528,Revealed: oil giants help fund powerful police groups in top US cities,-1
529,Resistance to the 'environmental sect' is a cornerstone of Bolsonaro's rule,-1
530,I’m bewildered that Trump would imperil America by abandoning the Paris agreement,-1
531,"In 100 days, the climate emergency may be even more serious. That's why we’re launching this series",-1
532,How the global climate fight could be lost if Trump is re-elected,-1
533,What the US exiting the Paris climate agreement means,-1
534,"To save the EU, its leaders must first focus on saving the planet",0
535,The US withdrawal from the Paris climate accord is a racist act,-1
536,Are you a first-time voter worried by the climate crisis? We’re looking for guest editors,0
537,Why Trump abandoning the climate fight puts the planet in even more danger – video explainer,-1
538,"'E-highways' could slash UK road freight emissions, says study",0
539,"In the staggering dislocation of 2020, I think of the many gifts my parents gave me",0
540,Biden plots $2tn green revolution but faces wind and solar backlash,0
541,"Is this the best of times, the worst of times, or both?",0
542,'A critical situation': Bangladesh in crisis as monsoon floods follow super-cyclone,-1
543,The Covid-19 recovery is an opportunity for systemic change. Our future hangs in the balance,1
544,Malawi's new president vows to 'clear the rubble of corruption',1
545,Against the tide: storm-battered residents cling to beachfront homes on Australian east coast,-1
546,This builder used to be sceptical about green homes. Now he’s a convert,1
547,Global heating: best and worst case scenarios less likely than thought,-1
548,Less windy Whoppers? Low-methane Burger King still involves some hot air,-1
549,James Cook University wins appeal in Peter Ridd unfair dismissal case,0
550,"Ban new gas boilers in UK from 2025 or risk missing net zero target, says CBI",0
551,'World-first' legal case: student accuses Australia of misleading investors on climate risk,-1
552,First active leak of sea-bed methane discovered in Antarctica,-1
553,Apple promises to become fully carbon-neutral by 2030,1
554,"People want a greener, happier world now. But our politicians have other ideas",-1
555,Greta Thunberg says EU recovery plan fails to tackle climate crisis,0
556,Campaigners launch legal challenge against UK's green recovery plans,1
557,Rich Americans’ homes generate 25% more greenhouse gasses than those less affluent,-1
558,Red Sea corals' heat tolerance offers hope for climate crisis,1
559,Greta Thunberg gives €1m award money to climate groups,1
560,"Plan that tackles recession and climate change could create 76,000 Australian jobs, report says",1
561,UK could face lawsuit over $1bn aid to Mozambique gas project,-1
562,"Most polar bears to disappear by 2100, study predicts",-1
563,Flooding in Assam and Nepal kills hundreds and displaces millions,-1
564,As Waters Rise review – dystopian climate drama feels close to home,-1
565,Joe Biden has endorsed the Green New Deal in all but name,1
566,Howey Ou: China's first school climate striker – video profile,1
567,"Covid-19 commission should focus on carbon-neutral manufacturing projects, not just gas – ACTU",1
568,"Negative-emissions tech helps, but it's no magic bullet for the climate crisis",0
569,Africa can become a renewable energy superpower – if climate deniers are kept at bay,0
570,China's first climate striker warned: give it up or you can't go back to school,-1
571,'Carbon savings' from Covid-19 lockdown halve within weeks,1
572,Lily Cole: ‘We need to be more forgiving’,1
573,James Lovelock: 'The biosphere and I are both in the last 1% of our lives',0
574,Weatherwatch: giant iceberg on the move and picking up speed,-1
575,Air conditioning curbs could save years' worth of emissions – study,0
576,What happens when the world's population starts to fall?,0
577,World's largest oil firm agrees to carbon cuts to tackle climate crisis,1
578,The US is headed for climate disaster – but Joe Biden's green plan might just work,1
579,"Pandemic shows climate has never been treated as crisis, say scientists",-1
580,Booming blooms: how algae are turning the alps pink - podcast,-1
581,"Governments’ dietary guidelines are harming the planet, study finds",-1
582,Climate change made Siberian heatwave 600 times more likely – study,-1
583,Bushfire royal commission told coronavirus could stop firefighters helping interstate next fire season,-1
584,"UK energy efficiency push offers just a third of the investment needed, says report",0
585,"Nature-led coronavirus recovery could create $10tn a year, says WEF",0
586,Increase in invasive species poses dramatic threat to biodiversity – report,-1
587,Methane rises to highest level on record,-1
588,Joe Biden unveils aggressive $2tn climate and jobs plan,1
589,Coalition backs 'cloud-brightening' trial on Great Barrier Reef to tackle global heating,1
590,Cold comfort: climate may take decades to respond to carbon cuts,-1
591,Sunak cannot just hope other big firms will follow Primark's furlough stance,0
592,Mont Blanc melting glacier yields Indian newspapers from 1966 plane crash,-1
593,From Covid-19 to climate: what's next after the global oil and gas industry crash?,0
594,Climate activists slam Norman Foster over Saudi airport,0
595,Don't despair: use the pandemic as a springboard to environmental action,1
596,"Coronavirus pandemic prompts record drop in global emissions, study finds",1
597,UK air pollution still down despite return to normal traffic – study,-1
598,"Parts of England could run out of water within 20 years, warn MPs",-1
599,US push to ease global energy controls as it hands fossil fuels $3bn,-1
600,CO2 in Earth's atmosphere nearing levels of 15m years ago,-1
601,Banks and pension funds among investors bankrolling meat and dairy,-1
602,Global temperatures likely to hit at least 1C warming for next five years,-1
603,International aviation and shipping likely to be added to UK's net zero carbon target,-1
604,Spreading rock dust on fields could remove vast amounts of CO2 from air,-1
605,"Protecting 30% of planet could bolster economy, study says",1
606,The Guardian view on a post-Covid-19 recovery: not much building back greener,-1
607,Australian banks 'undermining Paris agreement' with $7bn in fossil fuel loans,-1
608,"Treasury's 'green recovery' not enough, say campaigners",-1
609,Chancellor set to announce £3bn green investment package,0
610,Rare night clouds may be warning sign of climate crisis,-1
611,"Algae turn Italian Alps pink, prompting concerns over melting",-1
612,'Irrelevant': Labor frontbencher says no use focusing on 2030 emissions target,-1
613,Stop making sense: why it's time to get emotional about climate change,1
614,The environmentalist's apology: how Michael Shellenberger unsettled some of his prominent supporters,0
615,Heatwaves have become longer in most of the world since 1950s – study,-1
616,E-scooters go on trial in Middlesbrough to aid UK’s green recovery,0
617,"Dry tropical forests may be more at risk than wet rainforests, study says",-1
618,Britain beyond lockdown: can social and climate justice come together?,0
619,"UK risks missing net zero target in Covid-19 recovery, Labour warns",-1
620,60% of fish species could be unable to survive in current areas by 2100 – study,-1
621,The Guardian view on France's green wave: seizing the moment,0
622,Arizona reels as three of the biggest wildfires in its history ravage state,-1
623,Boris ‘the Builder’ Johnson has found a new scapegoat: the humble newt,0
624,UK government development bank to end fossil fuel financing,1
625,Revealed: development banks funding industrial livestock farms around the world,-1
626,"Transport slump during lockdown reduced Australia's carbon pollution by 7% in April, but experts warn of rebound",0
627,"UK should prioritise green projects to kickstart economy, says IMF",0
628,"Global heating will make it much harder for tropical plants to germinate, study finds",-1
629,"Europe losing forest to harvesting at alarming rate, data suggests",-1
630,From the climate crisis to Covid-19: can journalism focus on the stories that matter?,0
631,Terrawatch: unearthing snow's 'Fukushima layer',-1
632,Eden-Monaro Liberal candidate under fire for climate and same-sex marriage comments,-1
633,'New deal' risks fuelling emissions and eroding building standards,0
634,Democrats say they have a bold climate plan – but Republicans have other plans,0
635,Likelihood of 40C temperatures in UK is ‘rapidly accelerating’,-1
636,Environmental experts dismayed by details of Johnson's 'New Deal',0
637,"South pole warming three times faster than rest of the world, our research shows",-1
638,Democrats to unveil bold new climate plan to phase out emissions by 2050,-1
639,Weatherwatch: air conditioning not only solution to dangerous heatwaves,-1
640,"UK ministers send mixed messages over climate commitments, says fund manager",-1
641,Emmanuel Macron pledges €15bn to tackle climate crisis,1
642,Cooking up a solution to Uganda’s deforestation crisis with mud stoves,1
643,US to join summit on global green recovery from Covid-19 crisis,0
644,Eden-Monaro Liberal candidate says reducing fuel is the only way to manage bushfires,0
645,"Match Covid-19 economic stimulus with climate fight ambition, urge MPs",0
646,German far right infiltrates green groups with call to protect the land,-1
647,"Forgotten farmers, mining and anti-green invective: how the Nationals became a party for coal",-1
648,"If the PM spurns Albanese's climate peace offer, Labor will be left with a painful problem",0
649,"Government climate advisers running scared of change, says leading scientist",0
650,Commonwealth Bank activist shareholders call out company for financing new gas projects,0
651,The Guardian view on Covid-19 and climate: leadership required,0
652,The Arctic heatwave: here's what we know,-1
653,Extinction Rebellion activists launch UK Beyond Politics party by stealing food,1
654,Scottish villagers plan to buy out landowners for eco moorland project,1
655,It got to 38 degrees in the Arctic! Civilisation is burning down,-1
656,"Act fast to stop UK carbon emission rebound, climate advisers urge",-1
657,Road to net zero: what the Committee on Climate Change recommends,0
658,Adélie penguins could thrive as result of sea ice melting,0
659,We must not miss this glorious chance to address the climate and biodiversity crises,-1
660,"Labor's climate wars truce is cause for hope, as long as it doesn't lead to bipartisan inaction",0
661,UK's net zero pledge: what has been achieved one year on?,0
662,How did wildlife groups start collaborating in the destruction of nature?,0
663,"Let's end Australia's climate and energy warfare, Albanese tells Morrison",0
664,Trillion-dollar investors warn Brazil over 'dismantling' of environmental policies,-1
665,UK public 'supports green recovery from coronavirus crisis',0
666,"Information can save lives. Help Guardian Australia reach 150,000 supporters",0
667,Essential poll: majority of Australians expect second wave of Covid-19 infections,-1
668,UK arts' leading figures join call for green recovery from coronavirus crisis,1
669,The road ahead is hard. Now is not the time to kill off studies in the humanities,-1
670,"Britain still failing on climate crisis, warn advisers",-1
671,Italian team covers glacier with giant white sheets to slow melting,-1
672,'Tipping point': Greta Thunberg hails Black Lives Matter protests – video,1
673,Why lockdown silence was golden for science,1
674,'Tipping point': Greta Thunberg hails Black Lives Matter protests,1
675,"Climate crisis threatens future of global sport, says report",-1
676,Morrison government flags incentives for Australians to take domestic holidays to save tourism industry,1
677,"Marinus Link could send clean energy across Bass Strait, but the case for it is uncertain",1
678,Tiny plankton tell the ocean's story – this vast marine mission has been listening,1
679,"Climate crisis poses serious risks for pregnancy, investigation finds",-1
680,Climate emission killer: construction begins on world’s biggest liquid air battery,-1
681,"World has six months to avert climate crisis, says energy expert",-1
682,Climate crisis: alarm at record-breaking heatwave in Siberia,-1
683,"Wildfires caused by barbecues harming wildlife, says National Trust",-1
684,"Global oil demand could hit record growth rate next year, IEA warns",-1
685,Deadly heat is killing Americans: A decade of inaction on climate puts lives at risk,-1
686,Pass the shiraz: how Australia’s wine industry can adapt to climate change,0
687,Australia has a problem with climate change denial. The message just isn't getting through,-1
688,"Covid-19 pandemic is 'fire drill' for effects of climate crisis, says UN official",-1
689,"Emissions from 13 dairy firms match those of entire UK, says report",-1
690,Leading UK charities urge PM to demand a green Covid-19 recovery,1
691,Unilever vows to invest €1bn in green projects,1
692,Carbon-neutral coffee comes to UK – via sail boat from Colombia to Cornwall,1
693,Fast-growing mini-forests spring up in Europe to aid climate,1
694,"Climate worst-case scenarios may not go far enough, cloud data shows",-1
695,Ethical investments are outperforming traditional funds,1
696,Belgian transport minister in row over 34-mile trip in private jet,-1
697,Ambridge needs Alan Bennett,0
698,Bad ancestors: does the climate crisis violate the rights of those yet to be born? – podcast,-1
699,UK considers ending financial support for fossil fuels overseas,1
700,Climate crisis to blame for $67bn of Hurricane Harvey damage – study,-1
701,'Surprisingly rapid' rebound in carbon emissions post-lockdown,-1
702,Letter: Sir John Houghton obituary,-1
703,Hack-for-hire group targeted climate activists behind #ExxonKnew campaign,-1
704,A journey into Antarctica: the unavoidable signs of global heating,-1
705,The Guardian view on a green new deal: save jobs and the planet,0
706,"'Why should I try to have a future?' The Weather Diaries, Lupa J and a she-wolf's lament",-1
707,Weatherwatch: how forests protect species from global heating,-1
708,Green party joint leaders to stand again for their roles,1
709,The sounds of melting icebergs and whale songs: a journey into Antarctica,-1
710,More than a third of NSW rainforests found to have been hit by Australian bushfires,-1
711,Bruno Latour: 'This is a global catastrophe that has come from within',-1
712,UK butterfly season off to unusually early start after sunniest of springs,-1
713,Covid-19 relief for fossil fuel industries risks green recovery plans,-1
714,New Zealand readers tell us how they want the country to change after Covid-19,0
715,The Guardian view on Brazil and the Amazon: don’t look away,-1
716,Drought forces Indonesian farmers to learn new skills – in pictures,-1
717,The world must seize this opportunity to meet the climate challenge,0
718,Atmospheric CO2 levels rise sharply despite Covid-19 lockdowns,-1
719,"Count international flights from UK in emissions targets, urges thinktank",-1
720,"Sunny coverage of UK heatwaves forgets risks, say climate experts",-1
721,"The secret, sonic lives of narwhals - podcast",0
722,Renewables surpass coal in US energy generation for first time in 130 years,1
723,Fighting cyclones and coronavirus: how we evacuated millions during a pandemic,-1
724,Jane Goodall: humanity is finished if it fails to adapt after Covid-19,-1
725,UK car industry pushes for scrappage scheme to help buy new petrol and diesel vehicles,-1
726,Is it too late to save the Great Barrier Reef?,-1
727,"Water-bombing pilots 'consistently tasked too late' when fighting bushfires, royal commission hears",-1
728,'The water will come back': why Kenya's struggle against flooding is far from over,-1
729,Football pitch-sized area of tropical rainforest lost every six seconds,-1
730,Q+A: Matt Canavan grilled on climate change and family links to coal industry,-1
731,"Yes, Australia's emissions are falling – but it's a hollow boast",1
732,Top business leaders call on Boris Johnson to set out green recovery plan,1
733,Covid-19 has given us the chance to build a low-carbon future,1
734,"‘For climate protesters, we are like filth’: the German village where coal is still king",-1
735,Finally there is real movement on Australia's climate policy but time isn’t on our side,0
736,'A summer unlike any other': heatwaves and Covid-19 are a deadly combination,-1
737,The coming recession is the best reason to step up the pace of renewables investment,0
738,"Markets not paying attention to climate crisis, IMF says",-1
739,EU's greenhouse gas emissions continue to fall as coal ditched,-1
740,The sound of icebergs melting: my journey into the Antarctic – podcast,-1
741,"US south-west in grip of historic 'megadrought', research finds",-1
742,"Cop26 climate talks in Glasgow will be delayed by a year, UN confirms",-1
743,"Climate crisis making world’s forests shorter and younger, study finds",-1
744,"Rapid shift to renewable energy could lead Australia to cheap power and 100,000 jobs",1
745,Australia's greenhouse gas emissions fall slightly as new clean energy comes online,1
746,EU green recovery package sets a marker for the world,1
747,Moving climate up the global political agenda,1
748,EU pledges coronavirus recovery plan will not harm climate goals,1
749,"The world wasn't ready for a Green New Deal in 2009. Today, it may be",-1
750,David Attenborough to publish 'witness statement' on climate crisis,1
751,UK urged to tie green recovery from Covid-19 crisis to Cop26 summit,0
752,‘Things have to change’: tourism businesses look to a greener future,0
753,UK MPs call for extra £30bn to aid green recovery from Covid-19,0
754,World’s largest all-electric aircraft set for first flight,1
755,'The human fingerprint is everywhere': Met Office's alarming warning on climate,-1
756,Cop26 climate talks in Glasgow likely to be delayed by a year,-1
757,World health leaders urge green recovery from coronavirus crisis,0
758,Michael Moore film Planet of the Humans removed from YouTube,-1
759,"Climate change in deep oceans could be seven times faster by middle of century, report says",-1
760,Australia stalls on emissions target update as UN urges deeper cuts,-1
761,German court rules against Volkswagen in 'dieselgate' scandal,1
762,"Australia's severe bushfire season was predicted and will be repeated, inquiry told",-1
763,What else happened as coronavirus swept the globe,0
764,Hazelwood power station's eight chimneys demolished in live stream viewed by thousands,1
765,"Australia’s ‘failing’ environmental laws will fuel further public health crises, Nobel laureate warns",-1
766,Climate change critical issue in Eden-Monaro byelection as six in 10 voters say more action needed by government,-1
767,The climate crisis looms as the Coalition fiddles with fossil fuels,-1
768,Could a green new deal turn South Korea from climate villain to model?,0
769,I spent over 40 years in the Australian defence force. The lack of readiness to deal with coronavirus is a wake-up call,-1
770,The Guardian view on climate and Covid: time to make different choices,0
771,UK approval for biggest gas power station in Europe ruled legal,0
772,Albanese demands Michael McCormack apology for 'hair on fire' climate change quip,-1
773,We now have the proof: greening the economy doesn't come at the price of prosperity,1
774,Young climate activists call for EU to radically reform farming sector,0
775,"Business, unions and green groups call for sustainable Covid-19 recovery with clean energy transition",0
776,Australia's gas and electricity producers push back on government intervention,-1
777,Antarctica: tiny algae turning snow green 'could create new ecosystem' – video,0
778,"Our environment has always affected our mortality, should we add climate change to death certificates?",-1
779,'I don't want to be seen as a zealot': what MPs really think about the climate crisis,-1
780,A First Dog on the Moon live action cartoon! Will the coronavirus save us from climate change?,0
781,Alan Jones breached broadcasting codes with ‘violent’ Ardern metaphors and inaccurate climate change comments,-1
782,Leaked Covid-19 commission report calls for Australian taxpayers to underwrite gas industry expansion,-1
783,"Climate change is turning parts of Antarctica green, say scientists",-1
784,"Tropical cyclones have become more destructive over past 40 years, data shows",-1
785,"Heed lessons of 2008 crisis, experts warn global leaders",0
786,Is the Coalition's gas nirvana just an attempt to have its fossil fuel cake and eat it too?,-1
787,Marsh can no longer sit on the fence: it must rule out brokering insurance for Adani,-1
788,Plantwatch: vital peat needs protection from compost sales,-1
789,'It's been bruising': Jackie Trad says she has been targeted for her progressive views,-1
790,Fossil fuel industry applauds Coalition climate measures that support carbon capture and storage,-1
791,Steep fall in emissions during coronavirus is no cause for celebration,-1
792,Lockdowns trigger dramatic fall in global carbon emissions,1
793,‘I'm not a quitter’: lobstermen turn to kelp farming in the face of climate crisis,-1
794,"Angus Taylor's 'tech, not taxes' approach is likely to create more problems than it solves",-1
795,Angus Taylor says it is not Australian government policy to achieve net zero emissions by 2050,-1
796,"Victoria should expect one or two more 'megafires' before end of decade, study finds",-1
797,Legal case launched over UK's 'outdated' energy policies,-1
798,Dust bowl conditions of 1930s US now more than twice as likely to reoccur,-1
799,'For your children': former top Australian public servants call for carbon price,-1
800,"Snipers, stylists and Staff Benda Bilili: Andy Hall's Africa – in pictures",-1
801,Anti-Adani coalmine activists target insurance broker with virtual protest,0
802,Is the Covid-19 crisis the catalyst for greening the world's airlines?,0
803,'Normal' life failed us. The coronavirus crisis gives us the chance to rethink a new economy,-1
804,Carmakers press for EU and UK subsidies after slump in demand,-1
805,BP chief says Covid has deepened commitment to net-zero emissions,1
806,"Coal industry will never recover after coronavirus pandemic, say experts",1
807,"After the Covid-19 crisis, will we get a greener world?",0
808,Natural talent: the 16 year-old writer taking the world by storm,0
809,Climate Assembly UK concludes in world transformed by coronavirus,0
810,Labor calls for end to 'decade-long barney' on climate wars in post-pandemic recovery,0
811,The coronavirus is terrible and it's good we are all in this together except for everyone who isn't,-1
812,Why shouldn't Greta Thunberg speak at CNN's coronavirus town hall?,-1
813,Australia's Reserve Bank fuels call for post-pandemic renewables push,0
814,The Atom: A Love Affair review – changing reactions to nuclear power,-1
815,"Live fast, die young: study reveals why some birds mature quicker",-1
816,New Zealand budget: $1bn for 'nature jobs' but dismay at lack of climate action,-1
817,As a young person I’ve come to realise the power of hope in difficult times,0
818,Norway’s giant oil fund ditches stake in Australia's AGL over fossil fuel concerns,-1
819,Seizing the moment: how Australia can build a green economy from the Covid-19 wreckage,1
820,Seeds of hope: on a mission to protect Tasmania's ancient pencil pines,1
821,Drop in pollution may bring hotter weather and heavier monsoons,-1
822,"Australia needs 'fast-attack strategies' to stop megafires forming, bushfire experts say",-1
823,Malnutrition leading cause of death and ill health worldwide – report,-1
824,How is the Covid-19 energy slump affecting the weather?,0
825,Global carbon emissions to slump – but Australia's electricity grid flatlines,-1
826,Green steel industry could secure jobs future for Australia's coalmining heartland,1
827,"After coronavirus, focus on the climate emergency",0
828,"Imagine the UK getting rid of road rage, congestion and exhaust fumes for ever",0
829,"Transport after coronavirus: how will we fly, drive, commute and ride?",0
830,Sir John Houghton obituary,-1
831,Once again a battle-scarred Britain must find a new role in the world,-1
832,How did Michael Moore become a hero to climate deniers and the far right?,-1
833,"World cannot return to 'business as usual' after Covid-19, say mayors",0
834,Australia has found common ground to respond to Covid-19. We can do the same for climate change,0
835,"UK's coronavirus recovery should have green focus, Johnson urged",0
836,Greta Thunberg and children's group hit back at attempt to throw out climate case,0
837,One billion people will live in insufferable heat within 50 years – study,-1
838,"We created the Anthropocene, and the Anthropocene is biting back",-1
839,Australian businesses call for climate crisis and virus economic recovery to be tackled together,0
840,'The parallels between coronavirus and climate crisis are obvious',-1
841,Climate action under duress: how Dutch were forced into emissions cuts,0
842,Westpac to withdraw support for thermal coalmining after 2030,1
843,Australia is flattening the coronavirus curve. Why can’t we do the same for climate?,0
844,Public and private sectors must pull together so business can recover from this crisis,0
845,Once again Michael Moore stirs the environmental pot – but conservationists turn up the heat on him,-1
846,Trouble with gas: the Coalition is betting on the fossil fuel for recovery – but the sums don't add up,-1
847,Australia listened to the experts on coronavirus. It's time we heard them on climate change,0
848,"Irrigators given subsidies under $4bn Murray-Darling scheme drew more water, study finds",1
849,Investors call on Australia's largest oil and gas company to set greenhouse targets,1
850,"Link climate pledges to €26bn airline bailout, say Europe's greens",0
851,Transport secretary promised EasyJet not to levy green taxes,-1
852,"Covid-19 crisis will wipe out demand for fossil fuels, says IEA",0
853,'Nearly beyond belief': Clover Moore demands Angus Taylor explain doctored document,-1
854,Weatherwatch: deadly tornadoes hit US while Cuba has hottest day,-1
855,Obama White House team watched Julia Gillard's misogyny speech when annoyed at Tony Abbott,-1
856,Unexpected timeout offers global sport chance to tackle its pollution problem,1
857,Saudi Aramco removes 'sustainable' oil adverts after complaints,1
858,Airlines and oil giants are on the brink. No government should offer them a lifeline,-1
859,UN chief: don't use taxpayer money to save polluting industries,0
860,Climate experts call for 'dangerous' Michael Moore film to be taken down,-1
861,What happens after coronavirus will determine our climate's future,0
862,Climate crisis will make insurance unaffordable for people who need it most,-1
863,Meteorologists say 2020 on course to be hottest year since records began,-1
864,Analysing the role of therapy during lockdown,0
865,Could bringing Neanderthals back to life save the environment? The idea is not quite science fiction,0
866,Climate science deniers at forefront of downplaying coronavirus pandemic,-1
867,Century-old Antarctic journal reveals survival and sexed-up penguins,1
868,Weatherwatch: thousands in lockdown rescue rainfall records,-1
869,Dutch officials reveal measures to cut emissions after court ruling,-1
870,Church fund urges other ExxonMobil investors to sack board over climate,-1
871,"In the midst of an economic crisis, can 'degrowth' provide an answer?",1
872,"Insect numbers down 25% since 1990, global study finds",-1
873,Can psychedelics treat climate grief?,0
874,Could Microsoft’s climate crisis ‘moonshot’ plan really work?,0
875,Proposed Queensland coal-fired power plant under cloud over emissions and financing,-1
876,The Covid-19 crisis creates a chance to reset economies on a sustainable footing,0
877,Earth Day goes digital to engage online gamers with environment issues,0
878,Earth Day: Greta Thunberg calls for 'new path' after pandemic,0
879,"Record rain triggered 2018 Kīlauea volcano eruptions, says study",-1
880,Coronavirus: airlines seek €12.8bn in bailouts without environmental conditions attached,-1
881,"In fire-ravaged California, we know what it's like to leave 'normal life' behind",-1
882,"The first Earth Day - archive, April 1970",0
883,"This Earth Day, we must stop the fossil fuel money pipeline",-1
884,"Europe had hottest year on record in 2019, report shows",-1
885,Climate strikes continue online: 'We want to keep the momentum going',0
886,Earth Day 2020 could mark the year we stop taking the planet for granted,0
887,Ten threats to humanity's survival identified in Australian report calling for action,-1
888,'Millions hang by a thread': extreme global hunger compounded by Covid-19,-1
889,Ice-free Arctic summers now very likely even with climate action,-1
890,Will Florida be lost forever to the climate crisis?,-1
891,'Our climate crisis is a choice': Christiana Figueres on why we can change the future - books podcast,-1
892,Summer's bushfires released more carbon dioxide than Australia does in a year,-1
893,‘We can’t go back to normal’: how will coronavirus change the world? – podcast,0
894,Will climate change end waterfront living? Not if you can afford it,-1
895,Climate crisis will deepen the pandemic. A green stimulus plan can tackle both,-1
896,The Guardian joins forces with hundreds of newsrooms to promote climate solutions,0
897,Norway and the A-ha moment that made electric cars the answer,0
898,"Rebuild it, shade it, breed it: three tactics to buy time for the Great Barrier Reef",0
899,'Huge environmental waste' as US airlines fly near-empty planes,-1
900,'Coronavirus profiteers' condemned as polluters gain bailout billions,-1
901,Bank of England 'failing climate' with Covid-19 stimulus programme,-1
902,Scientists trial cloud brightening equipment to shade and cool Great Barrier Reef,-1
903,The Covid-19 pandemic shows we must transform the global food system,0
904,'Spectacular' artefacts found as Norway ice patch melts,-1
905,"Half UK's true carbon footprint created abroad, research finds",-1
906,'The trees are my grandparents': the Ecuador tribe trying to save its culture,1
907,Artificial fog and breeding coral: study picks best Great Barrier Reef rescue ideas,-1
908,Scientists confirm dramatic melting of Greenland ice sheet,-1
909,"Strengthen worldwide climate commitments to improve economy, study finds",-1
910,"Water in estuaries along NSW coast has warmed by more than 2C, study finds",-1
911,Tackling climate change is vital for the strongest economic recovery after coronavirus,1
912,"Americans with lower incomes more worried about coronavirus, study finds",-1
913,The Guardian view on the climate and coronavirus: global warnings,0
914,BlackRock to advise EU on environmental rules for banks,0
915,Carbon emissions from fossil fuels could fall by 2.5bn tonnes in 2020,0
916,Tolkien was right: giant trees have towering role in protecting forests,1
917,More than half of remote reefs in Coral Sea marine park suffered extreme bleaching,-1
918,"Dear Joe Biden, here is how you can earn our support",0
919,'Most of the men are your enemies': one woman's crusade in Somalia,-1
920,The sound of icebergs melting: my journey into the Antarctic,-1
921,Did you take part in Extinction Rebellion's climate campaign? Get in touch,0
922,Wildlife destruction 'not a slippery slope but a series of cliff edges',-1
923,Pope salutes 'saints next door' in fight against coronavirus,0
924,Airlines lobby to rewrite carbon deal in light of coronavirus,0
925,Snow-white coral of once-vibrant Great Barrier Reef a sign urgent action must be taken,-1
926,"Volcanic activity helped trigger Triassic climate change, study says",0
927,Getty Images Climate Visuals photography grant winners,0
928,Great Barrier Reef's third mass bleaching in five years the most widespread yet,-1
929,"VW installed 'defeat devices' to subvert emissions tests, high court finds",0
930,Big Oil is using the coronavirus pandemic to push through the Keystone XL pipeline,-1
931,"Rescuing the Great Barrier Reef: how much can be saved, and how can we do it?",0
932,"Australia’s path to net-zero emissions lies in rapid, stimulus-friendly steps",1
933,"North Atlantic's capacity to absorb CO2 overestimated, study suggests",-1
934,Footprints by David Farrier review – fossils of the Anthropocene,-1
935,'We must use this time well': climate experts hopeful after Cop26 delay,-1
936,'Thank you Greta': natural solutions to UK flooding climb the agenda,0
937,Cop26 climate talks in Glasgow postponed until 2021,-1
938,"Oceans can be restored to former glory within 30 years, say scientists",1
939,Financial help for airlines 'should come with strict climate conditions',1
940,'The losses could be profound': how floods are wreaking havoc on wildlife,-1
941,What are Labour leadership candidates' green policies?,0
942,Labour candidates set out detailed plans for tackling climate crisis,1
943,Will the coronavirus kill the oil industry and help save the climate?,0
944,Government set to make decision on UK's largest coalmine,0
945,Nightingales at risk due to shorter wings caused by climate crisis,-1
946,Nearly one in five of Australia's big polluters breach government-set emissions limits,-1
947,Climate crisis may have pushed world's tropical coral reefs to tipping point of 'near-annual' bleaching,-1
948,Planting hope: the Syrian refugee who developed virus-resistant super-seeds,0
949,‘We can’t go back to normal’: how will coronavirus change the world?,-1
950,Antarctica: what it means when the coldest place on Earth records an unprecedented heatwave,-1
951,Climate-damaging products should come with smoking-style warnings,1
952,Barclays sets net zero carbon target for 2050 after investor pressure,-1
953,Campaigners attack Japan's 'shameful' climate proposals,-1
954,'Probably the worst year in a century': Australia's environmental toll of 2019,-1
955,Aberdeen: teetering between its high-carbon past and a green future,0
956,Letters: a collective solution to Covid-19 and climate change,0
957,"Tackle climate crisis and poverty with zeal of Covid-19 fight, scientists urge",0
958,"With the climate crisis and coronavirus bearing down on us, the age of disconnection is over",1
959,Carmakers accused of trying to use crisis to avert emissions crackdown,-1
960,Richard Parks: from record-breaking solitude in Antarctica to flat isolation,-1
961,"'Put Earth first': can a greener, fairer fashion industry emerge from crisis?",0
962,'I’ve never seen it like this': why vegetables are so expensive in Australia at the moment,-1
963,$2tn US coronavirus relief comes without climate stipulations,0
964,UK greenhouse gas emissions fall for seventh year in a row,-1
965,Great Barrier Reef’s latest bleaching confirmed by marine park authority,-1
966,Call for isolated Britons to help digitise historical rainfall data,0
967,Why it's healthy to be afraid in a crisis,0
968,"Under coronavirus, pro-market ideologies are overturned around the world. But it's too little, too late",-1
969,Global efforts on ozone help reverse southern jet stream damage,1
970,"Coronavirus: 'Nature is sending us a message’, says UN environment chief",-1
971,England could face droughts in 20 years due to climate breakdown - report,-1
972,Covid-19 is nature's wake-up call to complacent civilisation,0
973,How fresh economics can tackle coronavirus and climate change,0
974,Delay is deadly: what Covid-19 tells us about tackling the climate crisis,0
975,"Covid-19 economic rescue plans must be green, say environmentalists",0
976,Life in Earth's deepest deep freeze – in pictures,0
977,Parliament pension fund cuts fossil fuel investments,1
978,The Guardian view on Europe’s green deal: stick to the plan,0
979,"Even at a time of crisis, we need long-term thinking for future generations",0
980,"Electric cars produce less CO2 than petrol vehicles, study confirms",0
981,Coronavirus pandemic leading to huge drop in air pollution,1
982,Warm summer of 2019 gives flight to butterfly numbers,1
983,Great Barrier Reef watchers anxiously await evidence of coral bleaching from aerial surveys,-1
984,"Fewer oaks, more conifers: Britain’s forests must change to meet climate targets",-1
985,Poor water infrastructure puts world at greater risk from coronavirus,-1
986,Book clinic: are there any novels about the climate crisis?,0
987,Is hydrogen the solution to net-zero home heating?,0
988,Why the climate crisis is harder to spot in the UK and US,-1
989,"Locust crisis poses a danger to millions, forecasters warn",-1
990,Wine cooler: global heating helps Sweden's vineyards to success,1
991,Greenland's melting ice raised global sea level by 2.2mm in two months,-1
992,Coronavirus has made things crazy and scary and they were already crazy and scary before!,-1
993,"Nature's healing potential – for us, and the planet",0
994,Cop26: Boris Johnson urged to resist calls to postpone climate talks,-1
995,Coronavirus has sent Europe into shock. But we have the tools to recover,0
996,Study: global banks 'failing miserably' on climate crisis by funneling trillions into fossil fuels,-1
997,Plantwatch: kelp – forgotten forests that help tackle climate crisis,1
998,Global Witness accuses UK of 'rank hypocrisy' on fossil fuel projects,-1
999,"ONS inflation basket: reusable bottles and gin in a tin added, fruit pies out",0
1000,Planning applications for UK clean energy projects hit new high,1
1001,Climate change forces cognac makers to consider other grape varieties,-1
1002,Zali Steggall launches ad campaign to rally support for climate change bill,1
1003,LGIM to launch its first fossil fuel-free pension fund after pressure,1
1004,'It's a nightmare': Fife residents demand inquiry into flaring at petrochemical plant,-1
1005,How wildlife found sanctuary on our unwanted scraps of land,-1
1006,Patriotism could be the unlikely answer to solving the climate crisis,0
1007,Can nature really heal us?,0
1008,Mark Carney's key moments at the Bank of England,0
1009,The Guardian view on fast fashion: it can’t cost the earth,0
1010,Carbon benefits of fast-growing trees have been clearly proven,1
1011,A budget that puts growth above all else,-1
1012,"Women shouldering the burden of climate crisis need action, not speeches",-1
1013,"Coronavirus poses threat to climate action, says watchdog",-1
1014,A budget that can barely mask the damage done,-1
1015,Planning for our long-term future,0
1016,David Attenborough calls for ban on 'devastating' deep sea mining,1
1017,Wales launches £5m national forest scheme – with pupils' help,1
1018,"Wind and solar plants will soon be cheaper than coal in all big markets around world, analysis finds",1
1019,Russian hoax raises questions over Sussexes' security,-1
1020,Budget: missed chance to lead on climate crisis,-1
1021,UK takes first small steps to tackle carbon from worst polluters,1
1022,Road to hell: budget tarmacs over climate ambition,-1
1023,Polar ice caps melting six times faster than in 1990s,-1
1024,Mild winter spurs bears to emerge from hibernation earlier,-1
1025,How coronavirus closed down Italy,-1
1026,How to get back to normal after the bushfires? ‘I feel life has changed into a Mad Max movie’,-1
1027,"More funds needed for new trees in England, say campaigners",-1
1028,"To create a resilient and ‘levelled-up’ UK, the budget must be green",-1
1029,Coronavirus could cause fall in global CO2 emissions,0
1030,Scientists warn of 'critical gaps' in Australia's climate science capability,-1
1031,Climate emergency: global action is ‘way off track’ says UN head,-1
1032,Ecosystems the size of Amazon 'can collapse within decades',-1
1033,There's no 'deadline' to save the world. Everything we do now has to pass the climate test,-1
1034,Trees on commercial UK plantations 'not helping climate crisis',-1
1035,"At the Glasgow climate conference, the UK could kickstart a green tech revolution",0
1036,UK's lost sea meadows to be resurrected in climate fight,-1
1037,Oil firm Shell to end its relationship with BFI and Southbank Centre,1
1038,Indian Ocean system that drives extreme weather in Australia likely to worsen with global heating,-1
1039,Mike Cannon-Brookes says staff will desert companies that do not speak out on social issues,0
1040,"If Jeff Bezos really wants to fight the climate crisis, he should just pay his taxes",0
1041,‘We need to be heard’: the BAME climate activists who won’t be ignored,0
1042,What is the European Green Deal and will it really cost €1tn?,-1
1043,Carbon emissions fall as electricity producers move away from coal,1
1044,We shouldn't have to pay for Jack Dorsey's $40m estate when it crumbles into the sea,-1
1045,UK companies to invest £12bn in switch to electric vehicles,0
1046,Tories ‘must spend £33bn more a year’ to reach zero emissions by 2050,0
1047,Australia's extraordinary and vulnerable animals – in pictures,-1
1048,"'I'm profoundly sad, I feel guilty': scientists reveal personal fears about the climate crisis",-1
1049,Climate crisis and Covid-19 conspire to crush oil firms like Tullow,0
1050,Inside the Liberal state stepping into a low-emissions future,0
1051,City watchdog may demand UK's top firms reveal climate impact,0
1052,We can’t wait until 2024 to tackle the climate crisis – let’s fight for a green new deal now,-1
1053,Climate activists demand budget plan for low-carbon future,0
1054,ExxonMobil 'tried to get European Green Deal watered down',-1
1055,Europe’s cities are leading the fight against xenophobia and the climate crisis,1
1056,Plans for infrastructure and climate postponed until after budget,-1
1057,Experience: I’ve been protesting for seven decades,-1
1058,A snowless winter around Europe – in pictures,-1
1059,"It just keeps going and going: the weird, mean things the Morrison government has got into",-1
1060,Grounded: why Heathrow's third runway may never happen,0
1061,News Corp finds someone to blame after pulling the plug on AAP (hint: it's not News Corp),-1
1062,Warwick asks voters to back radical council tax rise for climate action,1
1063,"This winter in Europe was hottest on record by far, say scientists",-1
1064,Why don’t we treat the climate crisis with the same urgency as coronavirus?,-1
1065,'Individual actions do add up': Christiana Figueres on the climate crisis,1
1066,Analysis shows climate finance not reaching most vulnerable,-1
1067,Leading investor group tells companies to set out climate crisis plans,-1
1068,British Gas and VW unveil three-year electric vehicle deal,0
1069,Severn Trent to spend £1.2bn on protecting the environment,1
1070,Long-Bailey pledges to make tackling climate crisis a core Labour principle,0
1071,"Tropical forests losing their ability to absorb carbon, study finds",-1
1072,"Bushfire crisis conditions eight times more likely under 2C warming, analysis shows",-1
1073,"Focus on coronavirus shows need for climate law, says EU official",0
1074,Scientists turn to tech to prevent second wave of locusts in east Africa,-1
1075,Climate campaigners condemn 'insidious' cocktail party for MPs and coal industry,-1
1076,Our House Is on Fire by Greta Thunberg et al review – a family and planet in crisis,-1
1077,"Spend £8bn to kickstart plan to decarbonise economy, chancellor told",0
1078,Climate action: the latest target of Europe's fossil fuel lobbyists,-1
1079,"The government must abandon its fossil fuel power projects. If not, we’ll sue",-1
1080,E10 petrol: UK to standardise higher ethanol blend,-1
1081,Boris Johnson urged to speak out against climate deniers,0
1082,Let’s enjoy some good climate news: the block on UK onshore wind farms is no more,1
1083,New energy watchdog boss vows to get tough on rip-off tariffs,0
1084,Climate nightmares: how to reassure a child who is anxious about the planet,-1
1085,HS2 legal challenge launched by Chris Packham,-1
1086,Reading group: which climate science fiction should we read in March?,0
1087,EU member states call for 2030 climate target,-1
1088,The Frontline: experts answer your questions on the impacts of the climate emergency – as it happened,-1
1089,TV weather presenters 'have moral obligation' to explain climate crisis,1
1090,World's beaches disappearing due to climate crisis – study,-1
1091,UN predicts above-average temperatures even without El Niño,-1
1092,Australia's summer of 2019-20 country's second-hottest on record,-1
1093,Republicans are making noises on climate action. Some say it's just greenwashing,-1
1094,Vital Cop26 climate talks could be derailed by coronavirus,-1
1095,Climate crisis cutting short Australia's winters and extending summers,-1
1096,How the climate crisis is changing Australia's wine industry,-1
1097,Warm winter puts paid to German ice wine production,0
1098,From grape to grain: how a warming climate is changing what we eat and drink,0
1099,Tough questions face the new Bank of England governor,-1
1100,Coronavirus exposes the danger of embracing protectionism,-1
1101,Hybrid carmakers accused of 'con' over zero-emissions claims,-1
1102,Australia on the frontline: ask an expert about climate change and its effects,0
1103,'It’s our right to be here': the Torres Strait Islanders fighting to save their homes from a rising sea,-1
1104,"Morrison a ‘predatory’ centrist on climate policy with no plans for meaningful emissions reduction, says Swan",-1
1105,"Eco-campaigners hail Heathrow as a victory, but will it turn out to be one for the planet?",0
1106,Orchids are woven through Chinese culture. What happens if they vanish?,-1
1107,Where do the 2020 Democratic candidates stand on the climate crisis?,0
1108,Scott Morrison's duty is to protect the Australian people. There is no greater threat than climate disruption,0
1109,Anthony Albanese denounces 'lazy cynicism' of Nationals in appeal to NSW coal country,-1
1110,Zali Steggall on getting to zero net emissions – Australian politics live podcast,0
1111,Morrison's urgent manoeuvring on coronavirus is atonement for summer's bushfire shambles,-1
1112,Naomi Seibt: 'anti-Greta' activist called white nationalist an inspiration,-1
1113,Plan to drain Congo peat bog for oil could release vast amount of carbon,-1
1114,Greta Thunberg in Bristol: thousands turn out for climate strike,0
1115,Watch Greta Thunberg's climate speech in Bristol - as it happened,0
1116,New cars producing more carbon dioxide than older models,-1
1117,Jacinda Ardern to pressure Australia over forced deportations during meeting with Morrison,0
1118,Pollutionwatch: mild winter helps reduce diesel air pollution,1
1119,The Guardian view on a defeat for Heathrow’s third runway: a welcome precedent,0
1120,Why we need a new climate assembly,0
1121,Finance holds climate key but poor countries fear missing out,-1
1122,World may miss carbon targets unless big firms improve – Mark Carney,-1
1123,Great Barrier Reef: coral bleaching to worsen unless weather conditions change,-1
1124,Angus Taylor to announce shift in climate investment away from wind and solar,-1
1125,The death of Heathrow’s third runway sends a clear message ahead of Cop26,0
1126,Heathrow third runway ruled illegal over climate change,1
1127,"China will not send ducks to tackle locusts in Pakistan, says expert",-1
1128,Tears at bedtime: are children's books on environment causing climate anxiety?,-1
1129,Heathrow runway ruling prioritises planet over needs of UK plc,1
1130,Parliament dominated by sports rorts and coronavirus – as it happened,0
1131,Anger over World Bank's $55m pledge to Guyana's fossil fuel industry,-1
1132,Killer heat: how a warming land is changing Australia forever,-1
1133,Human disturbance increasing cannibalism among polar bears,-1
1134,Are we entering a new era of farming?,1
1135,Oil regulator to revise remit to address climate crisis,0
1136,Australia’s electricity market must be 100% renewables by 2035 to achieve net zero by 2050 - study,0
1137,BP cuts ties with three US trade groups over climate policies,0
1138,One scientist's mission to save the 'super weird' snails under the sea,1
1139,Rio Tinto announces $1bn spend to reach net zero emissions by 2050,1
1140,Labor targets PM over sports rorts emails and robodebt – as it happened,0
1141,Call to end logging of ‘protective’ native forests in wake of bushfire crisis,1
1142,'Anti-Greta' teen activist to speak at biggest US conservatives conference,-1
1143,Building new homes on land prone to flooding 'making damage worse',-1
1144,Greta Thunberg and Malala Yousafzai meet at Oxford University,0
1145,JP Morgan to withdraw support for some fossil fuels,1
1146,Dutton says he was referring to Islamic terrorists when he talked about 'leftwing lunatics' – as it happened,-1
1147,Scott Morrison praises Gladys Berejiklian's plan for zero net emissions,0
1148,Ecological grief: I mourn the loss of nature – it saved me from addiction,-1
1149,Accountants urged to help firms worldwide combat climate crisis,1
1150,Against the grain: why millet is making a comeback in rural India,0
1151,The Coalition wants to turn scientists into lapdogs – and muzzle climate research in the process,-1
1152,Be honest and nuanced: how Labor can keep its green credentials and still support coal,0
1153,Newly waterproofed Arctic seed vault hits 1m samples,1
1154,Rebecca Long-Bailey pledges 'climate justice fund' paid by fossil fuel firms,0
1155,Labour can win in 2024 with my plan to tackle the climate emergency,0
1156,Essential poll: a majority of Coalition voters support a net zero emissions target for 2050,0
1157,"Morrison admits there are climate costs, but won't say what 3C heating would do to economy",-1
1158,Bohai Bay: the Chinese region disappearing inch by inch – in pictures,-1
1159,"Labor will not harm coal industry to meet 2050 net zero target, Fitzgibbon says – as it happened",-1
1160,Net zero emissions by 2050: is it a controversial ambition and will the Coalition adopt it?,0
1161,Australia's carbon emissions fall just 0.3% as industrial pollution surges,1
1162,National Trust ditches plastic for paper in its membership cards,1
1163,The dead sea: Tasmania's underwater forests disappearing in our lifetime,-1
1164,What happens when the oceans heat up?,-1
1165,G20 sounds alarm over climate emergency despite US objections,-1
1166,"More than 11,000 homes in England to be built on land at high risk of flooding",-1
1167,Believe the hype – budget 2020 is very important,0
1168,Malena Ernman on daughter Greta Thunberg: ‘She was slowly disappearing into some kind of darkness’,0
1169,"UK flood defence plans are inadequate, warn scientists",-1
1170,'Obscene amount of money': Anthony Albanese backs potential cap on political donations,-1
1171,Getting to zero net emissions in 2050 is going to be tough - but Labor committing to it is a damn good thing,0
1172,Smoke screen: how Australia's biggest polluters have been free to increase emissions,-1
1173,Greta Thunberg to visit Bristol for youth climate protest,0
1174,"With every flood, public anger over the climate crisis is surging",-1
1175,Mike Bloomberg under fire for 'not very ambitious' climate plan,-1
1176,Getting privatisation undone puts centre-left in good shape in Hamburg,0
1177,Weatherwatch: Cleaning up air pollution has made winters milder,1
1178,"Great Barrier Reef could face 'most extensive coral bleaching ever', scientists say",-1
1179,Morrison’s roadmap to emissions reduction could turn out to be pap – but it’s not a terrible idea,-1
1180,UK weather: weekend rain could cause further flooding,-1
13,JP Morgan economists warn climate crisis is threat to human race,0
